district,item_code,baseline,arima_plus,timesfm,mean_actual
Araria,1.1,0.1503639757403983,0.1398941918721118,0.11697751369996501,8499.666666666666
Araria,1.2.1,0.17058234810326245,0.0881449316256873,0.10812156385818095,4768.333333333333
Araria,10.11,0.8882326436492359,0.3223147553131748,0.6538729141028375,80.33333333333333
Araria,11.1.1.a,0.24202451512230136,0.47853607376031443,0.4608102315869737,178.66666666666666
Araria,14.1.1,0.44971741111706903,0.3452561944007495,0.3370915195244147,1464.0
Araria,14.1.2,0.2324092822725219,0.3428800859292061,0.2807126607528922,374.0
Araria,14.2.1,0.29138324440676544,0.13832841591810588,0.14307484403491103,127839.0
Araria,14.4.6,1.0,0.4595800678193154,0.5878390390462553,53.0
Araria,14.4.7,0.3745274627851907,0.0539318400365397,0.1981971385199209,103.66666666666667
Araria,14.5,0.04316823358392318,0.09874044900471253,0.13211228746957102,5106.0
Araria,14.6.1,0.749316489684761,0.21402521690196755,0.2371806945728003,405.6666666666667
Araria,2.1.2,0.9574270557029178,0.5483056476888174,0.6897578708056745,54.0
Araria,2.2,0.18789900766350676,0.055521628797438514,0.05682470574769999,4878.0
Araria,9.1.10,0.19169303581702538,0.20406166943945267,0.1474853026294622,9281.333333333334
Araria,9.1.17,0.17263342586927963,0.14095431190025934,0.12370743767420452,8809.666666666666
Araria,9.1.2,0.17882973364998936,0.05477076067835076,0.07189814387004123,7093.0
Araria,9.1.6,0.202694602052627,0.20855937986492112,0.16157415279613305,9218.666666666666
Araria,9.1.9,0.18262951793271567,0.0611537785451316,0.043353759538769306,4851.0
Araria,9.2.1,0.4162181140106737,0.12324841902826487,0.10317265063594094,7409.0
Araria,9.4.6,0.9966897913214211,0.22552403412148328,0.1606463453910473,8299.333333333334
Arwal,1.1,0.26932554275163356,0.16928287638570985,0.12201956911790379,1350.0
Arwal,1.2.1,0.29995903053261425,0.1662387517363658,0.13229453607975464,778.3333333333334
Arwal,10.11,2.131707210632257,1.2934658425802759,0.553355610559857,24.666666666666668
Arwal,11.1.1.a,11.649926656105146,2.3961324454915784,1.094188450202971,27.333333333333332
Arwal,14.1.1,0.6901263065949031,0.46514136647882526,0.538796838885805,791.3333333333334
Arwal,14.1.2,0.08579394141061826,1.0897929893745697,0.2274029231247614,291.6666666666667
Arwal,14.2.1,0.16758993560300187,0.08123487176044158,0.0969658543168697,28933.666666666668
Arwal,14.4.4,5.439685778412568,0.36251105216622453,1.022572917921368,22.666666666666668
Arwal,14.5,0.24569027687914644,0.1759504165432114,0.13847697500975742,1253.0
Arwal,14.6.1,0.4144231356048291,0.18749418144579436,0.17239170747446306,122.66666666666667
Arwal,2.2,0.1288988158915236,0.06127111953983694,0.06239353282799748,792.0
Arwal,9.1.10,0.5200962492128363,0.23795792362565485,0.13669407206273307,1520.3333333333333
Arwal,9.1.17,0.5252902515573864,0.25799386226043497,0.13148972546554397,1523.0
Arwal,9.1.2,0.2788400340555033,0.0810178298755889,0.0813854567911808,1167.3333333333333
Arwal,9.1.6,0.5127165586852751,0.20373043713026714,0.127878762069148,1526.0
Arwal,9.1.9,0.19316280343981593,0.06822368707594083,0.0510730246904583,872.0
Arwal,9.2.1,0.499172640743488,0.18114133968213517,0.17912195987850243,1406.0
Arwal,9.4.6,0.9847028361448027,0.2062212585524701,0.11868107133723167,1515.3333333333333
Aurangabad,1.1,0.30825841079519195,0.16065554019278103,0.16491034532383658,6699.333333333333
Aurangabad,1.2.1,0.32783657099633884,0.1933967971787193,0.18841710334091052,2960.3333333333335
Aurangabad,10.1,8.440451440451442,1.5456723184226557,1.2806808224021664,35.333333333333336
Aurangabad,10.11,16.17614116652578,29.310744810744808,22.655471266116564,34.333333333333336
Aurangabad,11.1.1.a,0.38082398405085294,0.2712486101569523,0.14218037553735074,1418.3333333333333
Aurangabad,14.1.1,0.440936823030629,0.25984190216648506,0.175180375879374,3132.6666666666665
Aurangabad,14.1.2,0.6899097376474662,0.17096057632333642,0.148560746396977,3016.3333333333335
Aurangabad,14.2.1,0.2571579756255494,0.17370289414249765,0.2188669538974386,141063.0
Aurangabad,14.5,1.374662115776298,1.8947203093634846,2.247442287900958,3786.0
Aurangabad,14.6.1,0.5757312682058475,2.049110273492286,1.4517656112731536,57.333333333333336
Aurangabad,2.2,0.17208172216020445,0.15261947439597814,0.12526127510806018,2963.6666666666665
Aurangabad,9.1.10,0.8095498080413944,0.19465253838308574,0.2110052865868993,5289.333333333333
Aurangabad,9.1.17,0.8104336736232737,0.19976844889826537,0.20259238000779675,5282.0
Aurangabad,9.1.2,0.29119592567593705,0.1255770384583391,0.10631561156223997,5371.666666666667
Aurangabad,9.1.6,0.8130475770617407,0.19465491810560057,0.20906631056623182,5289.333333333333
Aurangabad,9.1.9,0.13059616614582045,0.05745484519581207,0.06888767226900484,3321.0
Aurangabad,9.2.1,0.2800154877956472,0.33696014414266645,0.27945887101822137,5128.666666666667
Aurangabad,9.4.6,0.9968865888548555,0.17066903237145237,0.18074626263020874,4900.333333333333
Banka,1.1,0.22803588871236782,0.0927834834965942,0.12196380854120907,5143.0
Banka,1.2.1,0.2273954769806681,0.08767352905838029,0.10979254842772328,3219.3333333333335
Banka,1.3.2,0.9276556776556776,0.2643858747950195,0.5011303550982601,28.333333333333332
Banka,10.11,0.6916815742397139,0.7135128025656478,0.6495024215343387,34.333333333333336
Banka,11.1.1.a,0.479799668242099,0.13386470712777124,0.19348361416961488,155.66666666666666
Banka,14.1.1,0.4100899093009616,0.21933780423758917,0.26171462042408566,287.3333333333333
Banka,14.1.2,0.6873865991835904,0.182898689565809,0.26074246834176706,684.6666666666666
Banka,14.2.1,0.30425791807029573,0.18678926736153798,0.17927640024210112,97303.66666666667
Banka,14.4.3,0.6961029382410805,1.286256546186806,1.2034357294592573,113.66666666666667
Banka,14.4.7,0.6588607570847529,0.37745353065511617,0.2527736457174203,75.0
Banka,14.5,0.14182806392528582,0.09979248471141311,0.12505493043288904,3892.0
Banka,14.6.1,0.40970392374831194,0.22652983775743596,0.2343694227194303,219.33333333333334
Banka,2.2,0.16145669161408052,0.09374665219548994,0.10880201824183039,2834.0
Banka,9.1.10,0.3682333233191308,0.17237749404381553,0.16869146987698158,4394.666666666667
Banka,9.1.17,0.3836015847054656,0.17595333541506022,0.19576203056949085,4029.0
Banka,9.1.2,0.250622846436686,0.09790476663543278,0.12158865836785225,3708.0
Banka,9.1.6,0.3608897264789432,0.15929831709954909,0.15611927438578452,4420.333333333333
Banka,9.1.9,0.20175147113326033,0.09967227824312246,0.09727133210239762,2639.6666666666665
Banka,9.2.1,0.19210996824678384,0.20491714753774434,0.1722691094599231,4060.6666666666665
Banka,9.4.6,0.9951024693432543,0.10600030233630797,0.0630165233960872,4295.0
Begusarai,1.1,0.4002049630099905,0.20521105881940513,0.16193058652399608,8548.666666666666
Begusarai,1.2.1,0.36948722496093706,0.16214196973420325,0.15156736882903674,4528.333333333333
Begusarai,11.1.1.a,0.6243589743589744,0.438535450032662,0.12219860137455048,45.666666666666664
Begusarai,14.1.1,0.836694296494728,0.6774434566729464,0.6445810923070381,650.3333333333334
Begusarai,14.1.2,0.7570233185591668,0.609563645527729,0.6016346350843845,577.6666666666666
Begusarai,14.2.1,0.3617164819995251,0.32430611848771657,0.23003194141156094,173750.66666666666
Begusarai,14.5,0.41055855996170637,0.40422047441227643,0.25328869645356183,284.6666666666667
Begusarai,14.6.1,0.707488246327686,0.942296424905288,0.30462761570378843,266.0
Begusarai,2.1.2,0.30910763295446925,0.22610991719820359,0.14430245976005254,159.66666666666666
Begusarai,2.2,0.24164830486371391,0.12847399844818164,0.14343881603355,5086.333333333333
Begusarai,9.1.10,0.36071162171864946,0.20564906738930686,0.1474928050310981,7543.333333333333
Begusarai,9.1.17,0.38165077957894983,0.20899333394373043,0.12439424210222876,7237.666666666667
Begusarai,9.1.2,0.2640597419812915,0.16833066352281822,0.21732032640493273,6265.666666666667
Begusarai,9.1.6,0.353144532197084,0.19345679786526895,0.14890792302272385,7599.0
Begusarai,9.1.9,0.3622806396351936,0.25648786673494,0.2879163981316773,5073.666666666667
Begusarai,9.2.1,0.33362489036033316,0.288473452887785,0.17563139803674746,6839.0
Begusarai,9.2.2,61.14769088450865,1.499932188022238,0.8822465166216521,25.666666666666668
Bhagalpur,1.1,0.24228160346438776,0.12914612706466902,0.11956959067544604,7213.0
Bhagalpur,1.2.1,0.22961233560059724,0.08281952313934783,0.10331997664712812,3985.0
Bhagalpur,10.11,0.21848371508708786,0.4624439010213057,0.24521773010865788,43.0
Bhagalpur,11.1.1.a,0.6130217980364691,0.07886050195356119,0.09905128254419121,490.3333333333333
Bhagalpur,14.1.1,0.33842871588564666,0.2750548317002674,0.24611898169190546,2188.6666666666665
Bhagalpur,14.1.2,1.7318530563759926,1.6078687971784162,0.6052235228230147,1586.0
Bhagalpur,14.1.6,0.8300000000000001,0.11397851508959733,0.21497913802790847,76.66666666666667
Bhagalpur,14.2.1,0.2600292478166853,0.16782603086034428,0.1770608706588556,128786.66666666667
Bhagalpur,14.4.3,0.500527979346978,1.1984258933956675,0.42333652364121166,51.0
Bhagalpur,14.4.4,0.21073672106171792,0.09664789643971905,0.2084567649653363,82.0
Bhagalpur,14.4.6,0.6521525448170981,0.2528132496784535,0.32846195026197833,31.0
Bhagalpur,14.4.7,3.407203152844217,2.0490082348561023,2.0659632142034092,25.0
Bhagalpur,14.5,0.3760368080206136,1.2495252176338927,2.5933131685984274,1019.6666666666666
Bhagalpur,14.6.1,0.23911915153227606,0.17652176107294484,0.2325054077086061,459.3333333333333
Bhagalpur,2.2,0.25126156127894744,0.20741529571440367,0.18549731534329508,5105.333333333333
Bhagalpur,9.1.10,0.22492151928670434,0.11645015803419266,0.13138624337692192,6821.666666666667
Bhagalpur,9.1.17,0.22868706655113488,0.13603417467381781,0.16781349993106476,6688.666666666667
Bhagalpur,9.1.2,0.15688133912929417,0.1295898062366859,0.11677200531422911,5594.666666666667
Bhagalpur,9.1.6,0.23679203206888585,0.11936751976933015,0.1413351818396275,6699.666666666667
Bhagalpur,9.1.9,0.1552122418923172,0.11299117440845108,0.13566736938399585,4028.6666666666665
Bhagalpur,9.2.1,0.22392106558829075,0.1693675853587744,0.1869899292457641,5023.333333333333
Bhagalpur,9.4.6,0.9810072544379455,0.12032197102317553,0.10618265827000199,6397.666666666667
Bhojpur,1.1,0.38857000038510847,0.19767720810680767,0.12212830431596015,4790.0
Bhojpur,1.2.1,0.41672814378460893,0.23519442760938322,0.16260804044085475,2724.0
Bhojpur,10.1,20.87203525641026,7.773159861276199,5.549519787232081,23.0
Bhojpur,10.11,4.3083443842542435,7.707889366664155,3.019885245524662,66.66666666666667
Bhojpur,11.1.1.a,1.0759737893915025,0.9196881628847198,0.4858315405294323,87.0
Bhojpur,14.1.1,0.2993838559354182,0.3679279487375935,0.18961643939278428,915.0
Bhojpur,14.1.2,0.4813566908953965,0.592351793158343,0.23525096509887622,996.3333333333334
Bhojpur,14.1.6,1.9976218897147116,0.7505407096550366,0.8864724829751237,26.333333333333332
Bhojpur,14.2.1,0.25143496110067326,0.21830271383435473,0.17785345699789581,122265.33333333333
Bhojpur,14.4.4,3.10633788254756,15.26289313948748,6.93595747110237,63.666666666666664
Bhojpur,14.4.7,2.202667702667703,1.7043889046005034,0.8591914798503545,23.333333333333332
Bhojpur,14.5,0.1471227637230706,0.17643781071972844,0.09057337810347062,7360.0
Bhojpur,14.6.1,0.12897520712204663,0.3682288936865388,0.4221459000761567,387.0
Bhojpur,2.2,0.19104114981766482,0.08718835531689384,0.07190022381858355,3725.3333333333335
Bhojpur,9.1.10,0.3717254023901215,0.12922525902400125,0.12130794253085113,5379.666666666667
Bhojpur,9.1.17,0.4877679285317611,0.2046151743453034,0.15175300289133217,5059.0
Bhojpur,9.1.2,0.2619546297572832,0.10953773332019064,0.1052913469425149,4721.333333333333
Bhojpur,9.1.6,0.47579607557701115,0.1876090461910219,0.126447290062124,5378.666666666667
Bhojpur,9.1.9,0.14402279003836285,0.07506937346600683,0.0885593872543806,3589.6666666666665
Bhojpur,9.2.1,0.48942135052195557,0.3475154703641474,0.18245880590379118,4768.0
Bhojpur,9.4.6,0.8706095414746278,0.1116647273325458,0.12199895318800429,4594.666666666667
Bihar,1.1,0.29233935624950597,0.1463333202206644,0.1300933464059568,264660.3333333333
Bihar,1.2.1,0.2965727390362204,0.14726469719954943,0.13535216323854574,144015.33333333334
Bihar,1.3.2,0.2521815553929268,0.6014406464524917,0.2737334591760708,295.3333333333333
Bihar,10.1,0.7214381784379894,0.45980108377811657,0.1682892374629421,1147.0
Bihar,10.10,0.7160873647547872,0.5356159141322481,0.5075408404189315,48.0
Bihar,10.11,0.2726567675614899,0.28738397435307184,0.382126107077333,4792.333333333333
Bihar,11.1.1.a,0.2315285528974805,0.15015485836643203,0.15874501450046138,8700.666666666666
Bihar,14.1.1,0.37290618466524167,0.22691558294018419,0.2331613894972934,51653.666666666664
Bihar,14.1.2,0.4847724168197122,0.35058855023040975,0.2939092625511075,33147.666666666664
Bihar,14.1.6,0.5621920354111907,0.3662973581843445,0.36251059679743075,608.6666666666666
Bihar,14.17,0.5494044237475229,0.4121380572726489,0.41376856810932994,557.6666666666666
Bihar,14.2.1,0.2681131477289267,0.1824994491551565,0.14211812381694597,5029807.333333333
Bihar,14.4.3,0.35831973428249625,0.32654858417874416,0.3190219386636854,395.6666666666667
Bihar,14.4.4,0.19788811706299406,0.209490006916342,0.13596377736252513,1141.3333333333333
Bihar,14.4.6,0.5710004185991407,0.3740372450370344,0.2436650925661643,445.0
Bihar,14.4.7,0.248449344774427,0.2159395861146737,0.22001284751632144,3526.0
Bihar,14.5,0.0840314583121964,0.05563786969607822,0.058943562962496955,99574.66666666667
Bihar,14.6.1,0.19971894410441807,0.04617669983758988,0.08121820207545694,8597.666666666666
Bihar,14.6.4,1.4517264061690776,1.6991837296516377,0.9682393237471673,88.0
Bihar,2.1.2,0.07589289191401923,0.2956310584835817,0.056603586285861505,505.3333333333333
Bihar,2.2,0.19418231339243977,0.09444815972058489,0.0757550515503619,146835.66666666666
Bihar,9.1.10,0.2965563216908259,0.11387337891255246,0.13795563841624275,245837.66666666666
Bihar,9.1.17,0.2880456095002269,0.20384697265890714,0.14426144038928732,237237.33333333334
Bihar,9.1.2,0.2278571855217669,0.09912501591479754,0.09174695217103272,215240.66666666666
Bihar,9.1.6,0.30737553561079983,0.12448166600347703,0.14136286650870014,246220.0
Bihar,9.1.9,0.18076773096757046,0.07055314829343344,0.07084083685077337,147026.66666666666
Bihar,9.2.1,0.24572860930204135,0.28702293151426655,0.17778500549309725,210674.66666666666
Bihar,9.2.2,12.997639304909397,5.683138209404575,3.7528608889321706,409.6666666666667
Bihar,9.4.6,0.957401498129313,0.14078057427414523,0.16021138182039354,165151.33333333334
Buxar,1.1,0.30860845874536375,0.19434419850146986,0.17475010755508755,3586.6666666666665
Buxar,1.2.1,0.2967757111775556,0.21095205203743742,0.22393893111043583,1792.0
Buxar,11.1.1.a,14.952380952380954,18.653256233415835,13.951214693030531,35.0
Buxar,14.1.1,0.22655830916347297,0.17237295292104837,0.14474226296505419,360.6666666666667
Buxar,14.1.2,0.4112831878711766,0.22249879304626727,0.25289200562244474,205.0
Buxar,14.2.1,0.30323305912469123,0.24860239348484547,0.16225932009908686,46923.333333333336
Buxar,14.5,0.6703671988413681,1.2309453481497816,2.0431039461604303,694.3333333333334
Buxar,14.6.1,0.21329692284058943,0.22149702687274941,0.14608180670090665,42.0
Buxar,2.2,0.15676940033368927,0.12710545518294472,0.06817605533534486,1755.0
Buxar,9.1.10,0.3052980026445014,0.16977392373094471,0.18460788180418666,3542.3333333333335
Buxar,9.1.17,0.3697497921648459,0.2508896695300522,0.19948284508298916,3378.0
Buxar,9.1.2,0.23826507508565165,0.18347855099643381,0.11479806712101813,3348.0
Buxar,9.1.6,0.3215402896444076,0.18761447340557189,0.189353348026318,3545.6666666666665
Buxar,9.1.9,0.16957474586245339,0.17099317736746364,0.10785470304141198,2267.6666666666665
Buxar,9.2.1,0.23181734591522585,0.32101899936421385,0.2530678581047933,2682.6666666666665
Buxar,9.4.6,0.9858604550084964,0.1626398415650761,0.1345817336271738,3156.6666666666665
Darbhanga,1.1,0.27269457658537816,0.21655516031814928,0.12754384410490707,10539.666666666666
Darbhanga,1.2.1,0.2488902094548545,0.13381851461575608,0.10676746709638452,5488.333333333333
Darbhanga,10.11,2.683516483516484,0.4897066071273728,0.27739903586251397,24.0
Darbhanga,11.1.1.a,0.9047423030038612,0.660340443156897,0.7550683072544037,58.666666666666664
Darbhanga,14.1.1,0.913321904064364,12.73364517049996,10.909221519434915,5758.666666666667
Darbhanga,14.1.2,0.9262552784557613,7.9895430171322355,4.9315877649536874,4429.0
Darbhanga,14.1.6,0.6659927785789491,0.5552468640919332,0.6595167263625669,24.0
Darbhanga,14.2.1,0.22995238246312522,0.21720180516992108,0.13473027817723213,245660.33333333334
Darbhanga,14.5,0.05290485219408662,0.07248023014775216,0.045601700172693,705.0
Darbhanga,14.6.1,0.6931318681318682,0.28802145412807384,0.44542663385579867,68.0
Darbhanga,2.2,0.2701920534044245,0.3110979580852413,0.19716217284042584,5049.0
Darbhanga,9.1.10,0.2612620299005078,0.12756987057430816,0.1229180899360753,9399.0
Darbhanga,9.1.17,0.32309100477378494,0.16814400839267943,0.12262769606244399,9232.0
Darbhanga,9.1.2,0.3483817870879035,0.17454230995658634,0.1583566972529239,8582.333333333334
Darbhanga,9.1.6,0.3061051922364543,0.15310630636152947,0.11648736279481127,9322.0
Darbhanga,9.1.9,0.1401019837499973,0.1180622497129004,0.10208243520568455,4370.333333333333
Darbhanga,9.2.1,0.2416643927158418,0.36256887606172916,0.17770063875658526,7877.666666666667
Darbhanga,9.4.6,0.9612606039942971,0.08243258652016512,0.09354373143960405,8222.0
East Champaran,1.1,0.29004713361005874,0.15899589985075177,0.14480732434132035,13220.666666666666
East Champaran,1.2.1,0.30375100478072503,0.16737481937810897,0.17108655504077686,6642.666666666667
East Champaran,10.1,0.9986425339366516,0.43569879521110805,0.6575889978833429,179.0
East Champaran,10.11,0.813189832709631,0.07398239194768606,0.3209452759639304,459.3333333333333
East Champaran,14.1.1,0.4334228707571907,0.47809850439309204,0.33941167839223635,1285.3333333333333
East Champaran,14.1.2,0.5033454403250968,0.3468961664113672,0.22601994448073662,800.0
East Champaran,14.2.1,0.1714552617623385,0.028342706800867215,0.018495307577849316,227780.66666666666
East Champaran,14.4.7,6.651202757137768,8.151006843250295,8.905336015249274,50.333333333333336
East Champaran,14.5,0.31123435263695215,0.14955454088880707,0.16071790119525411,2165.0
East Champaran,14.6.1,0.3664524350808342,0.7641102917124992,0.47896560118755255,515.0
East Champaran,2.2,0.2520009445744244,0.36820412823396875,0.4884051605304906,5606.0
East Champaran,9.1.10,0.3963882472598454,0.21565487809648998,0.14941392507365428,13361.333333333334
East Champaran,9.1.17,0.40589569306248136,0.2128607214771683,0.14979945739420686,13351.333333333334
East Champaran,9.1.2,0.3444348279116756,0.16494993190910193,0.15055315983339074,12390.0
East Champaran,9.1.6,0.398423496389779,0.21784176722838847,0.15130802849614763,13348.0
East Champaran,9.1.9,0.258556125678061,0.11694111642671519,0.15057938668730753,6738.0
East Champaran,9.2.1,0.8639412956690625,0.2621444935241702,0.2346437228404014,11694.666666666666
East Champaran,9.4.6,0.9921966407144619,0.2458763311741865,0.24044829104350984,14891.333333333334
Gaya,1.1,0.23638419307002131,0.08423294209164683,0.10030447582883606,10265.0
Gaya,1.2.1,0.2534603643453428,0.11421232932850091,0.11519320609183059,5713.0
Gaya,10.1,0.4488204798522825,0.28572786265614547,0.13716656454861464,81.0
Gaya,10.11,0.3863056328448992,0.3509004835781739,0.28941326976605297,93.66666666666667
Gaya,11.1.1.a,0.5019305904924534,0.1556152692559174,0.10834206245710461,599.3333333333334
Gaya,14.1.1,0.42115100473672956,0.47405317164349,0.30719815144346224,522.3333333333334
Gaya,14.1.2,0.48000826573884425,0.262041466128217,0.2564333752573331,331.0
Gaya,14.2.1,0.34151772586023976,0.14313166195077848,0.127680702766816,241271.66666666666
Gaya,14.4.6,0.44694864250921756,0.9586208296054054,0.4549983876637674,31.333333333333332
Gaya,14.4.7,0.3872561190344202,0.44406581077445956,0.19636836248251735,106.33333333333333
Gaya,14.5,0.25825187540311273,0.35544696471442633,0.2568109373237124,1649.3333333333333
Gaya,14.6.1,2.972482604297774,3.764585010734363,1.99935892052519,68.33333333333333
Gaya,2.1.2,1.3201842939136323,1.8084089353604176,2.159626428580579,33.333333333333336
Gaya,2.2,0.12095512367573286,0.20996481584720125,0.1735184647287558,4743.666666666667
Gaya,9.1.10,0.239552654578132,0.10626610479750916,0.10428056999848634,9805.666666666666
Gaya,9.1.17,0.3170492220149443,0.1399801476254576,0.10480812196368937,8636.333333333334
Gaya,9.1.2,0.1817021256692529,0.13000456498983817,0.11992044756046748,7964.666666666667
Gaya,9.1.6,0.22923813837424015,0.1057453852975709,0.10488619668919837,9825.666666666666
Gaya,9.1.9,0.13819440159988564,0.0929501136452413,0.0876488804333041,4596.666666666667
Gaya,9.2.1,0.22186927545942844,0.160240133659079,0.1637009105717294,7714.0
Gaya,9.2.2,1.0606829143004743,0.22562300586783493,1.506492202607512,134.33333333333334
Gaya,9.4.6,0.8687115849543714,0.11322178793609479,0.10925894686887755,8250.333333333334
Gopalganj,1.1,0.30944879384453167,0.22871990333726935,0.1407053162839835,5812.333333333333
Gopalganj,1.2.1,0.28522757124419795,0.21527412236195095,0.1465343000228301,4089.0
Gopalganj,10.11,0.2692692182857714,0.22314724297810762,0.41635459246284406,161.66666666666666
Gopalganj,11.1.1.a,0.7665190493645225,0.26321453887757157,0.37175751608620616,84.33333333333333
Gopalganj,14.1.1,0.2994102791853463,0.12155219691279605,0.28763139203208127,999.3333333333334
Gopalganj,14.1.2,0.2939659316102852,0.306649456344761,0.07228506520916612,828.0
Gopalganj,14.1.6,0.23200466200466205,0.22268275236632892,0.3529666877515388,24.0
Gopalganj,14.17,0.3252018616654119,0.08758443978569765,0.06419385043219089,53.333333333333336
Gopalganj,14.2.1,0.2568345771833247,0.1386481275787419,0.1379628520706929,86937.66666666667
Gopalganj,14.4.7,0.20821305967824077,0.22573121673339502,0.42626960797223107,41.0
Gopalganj,14.5,0.14205953589543538,0.09670904516665935,0.22239075498042182,554.3333333333334
Gopalganj,14.6.1,0.2678448864188455,0.47485201506755675,0.40664294827567016,113.66666666666667
Gopalganj,2.2,0.13152018018087935,0.03217515079091128,0.054871963491127364,2888.0
Gopalganj,9.1.10,0.26989097456220035,0.16744728157806846,0.14829259696977837,5356.0
Gopalganj,9.1.17,0.27447164959196263,0.14803356547708402,0.16486238055045208,5238.333333333333
Gopalganj,9.1.2,0.18024104199564392,0.13631992467125217,0.13080291402227218,4808.333333333333
Gopalganj,9.1.6,0.2742272986395624,0.21483006616927539,0.1502977158676355,5359.333333333333
Gopalganj,9.1.9,0.12095825828443081,0.08016110309457984,0.07181936968114637,3458.6666666666665
Gopalganj,9.2.1,0.1704888829692068,0.22137891047174865,0.22731292634231048,4513.666666666667
Gopalganj,9.4.6,1.0,0.10255393511354223,0.1210166036247025,5547.333333333333
Jamui,1.1,0.22728535368704872,0.15064872173507485,0.1095187520492349,5750.666666666667
Jamui,1.2.1,0.2580665860769439,0.12655948225983693,0.1106861371442892,3058.6666666666665
Jamui,11.1.1.a,0.3361430701006088,0.46102895209722633,0.22969990034460208,299.0
Jamui,14.1.1,0.7665463813620731,0.12929335137022682,0.13117516898110188,1136.0
Jamui,14.1.2,0.6106206689722425,0.40267437588316096,0.3563277717144749,627.6666666666666
Jamui,14.2.1,0.31213931840817105,0.19583545439070182,0.17049634363938215,62921.0
Jamui,14.4.7,0.5736739988841641,0.7323910669161418,0.6933013879100477,103.0
Jamui,14.5,0.17026560270191318,0.17248829284615808,0.06861041230397726,2353.0
Jamui,14.6.1,0.5495414484339832,0.24060684578125913,0.13271017939694926,183.0
Jamui,2.2,0.27619181615216976,0.13975316237978677,0.11839747188256389,2301.3333333333335
Jamui,9.1.10,0.24089128760773737,0.1149104215676433,0.11746650730846596,4091.3333333333335
Jamui,9.1.17,0.2396693246599205,0.1408318490184423,0.14009417027155693,4024.3333333333335
Jamui,9.1.2,0.21800694612245544,0.1332059885075312,0.11825201522499577,3492.3333333333335
Jamui,9.1.6,0.24132454174582882,0.13546974520109278,0.12402151434875398,4072.6666666666665
Jamui,9.1.9,0.15638481278845337,0.09015759867194252,0.07884427844598842,2404.3333333333335
Jamui,9.2.1,0.4221071799095138,0.16523703830083072,0.11803531867803908,3631.3333333333335
Jamui,9.4.6,0.9381657125008481,0.14599908477453838,0.1512021717813313,3712.6666666666665
Jehanabad,1.1,0.31901378652689955,0.2483871342779853,0.2205441497369164,2082.3333333333335
Jehanabad,1.2.1,0.3634176098717639,0.2636598733254745,0.2121406180011958,1326.6666666666667
Jehanabad,10.11,1.3320841551610783,2.0183023856514857,2.0880262990477223,75.0
Jehanabad,14.1.1,0.49977405657562435,3.187893668312651,0.5721805328419953,207.0
Jehanabad,14.1.2,0.6153266178266178,0.3724675524858605,0.28940302769151927,355.3333333333333
Jehanabad,14.2.1,0.2917386024045693,0.211838892149944,0.19845401449312974,65019.333333333336
Jehanabad,14.4.6,1.0,1.0,1.0003934426375205,28.0
Jehanabad,14.5,0.30864232451505497,0.21047886972890897,0.2460441320536153,2715.6666666666665
Jehanabad,2.2,0.13830329939317962,0.030579676427899563,0.08069335215558456,973.6666666666666
Jehanabad,9.1.10,0.3588784456569499,0.23855120011276706,0.21817780391397038,2212.3333333333335
Jehanabad,9.1.17,0.37641342360654667,0.24005430304670852,0.23425243559784206,2194.6666666666665
Jehanabad,9.1.2,0.26545034768778325,0.1699977030137567,0.13640893237233334,1761.6666666666667
Jehanabad,9.1.6,0.3731220533175695,0.2464874203897729,0.22911330992041626,2195.6666666666665
Jehanabad,9.1.9,0.24675748859935254,0.14196857486267916,0.10497943666206562,1355.0
Jehanabad,9.2.1,0.7026662418993025,0.24183850448309854,0.2836933083840168,1953.3333333333333
Jehanabad,9.4.6,0.994176728665741,0.1140859205048196,0.12658638636173988,2219.6666666666665
Kaimur Bhabua,1.1,0.31210586311665084,0.16832836834434695,0.1308395714879171,4077.6666666666665
Kaimur Bhabua,1.2.1,0.33077695595243656,0.2103480252996646,0.14097730576333645,2308.3333333333335
Kaimur Bhabua,10.1,0.762582686223756,2.33760431649178,1.1386588260912849,50.666666666666664
Kaimur Bhabua,11.1.1.a,0.2214776144737235,0.3098770610003701,0.5505598236385046,204.66666666666666
Kaimur Bhabua,14.1.1,0.3980643588228197,0.2395016566858732,0.20240606395711902,845.6666666666666
Kaimur Bhabua,14.1.2,1.6398192235616211,0.10310887784528423,0.13376476313704144,234.33333333333334
Kaimur Bhabua,14.2.1,0.3178331825275443,0.24332481038647344,0.22085188681498724,74963.0
Kaimur Bhabua,14.4.4,1.0,0.052493864321583324,0.05609654215824405,163.33333333333334
Kaimur Bhabua,14.4.6,1.0,7.086699999594369,4.487880691649422,33.333333333333336
Kaimur Bhabua,14.4.7,0.8549963894712063,0.2739822377248127,0.4542443405534777,134.33333333333334
Kaimur Bhabua,14.5,0.07360613820281638,0.07191847163496722,0.08709760586602318,1583.0
Kaimur Bhabua,14.6.1,0.13240080069176713,0.2370187624091744,0.09941665556737007,434.6666666666667
Kaimur Bhabua,2.2,0.26391431798855636,0.12688996518560403,0.13580056890736272,2312.6666666666665
Kaimur Bhabua,9.1.10,0.33027152176733426,0.22635036470487524,0.13715585961934953,3920.0
Kaimur Bhabua,9.1.17,0.4434019173992496,0.3521451589535693,0.3204666241462181,3582.3333333333335
Kaimur Bhabua,9.1.2,0.21757656622301988,0.14948253999719688,0.1764205932728744,2795.0
Kaimur Bhabua,9.1.6,0.33793859901865014,0.23396784928992045,0.14341032243166654,3912.3333333333335
Kaimur Bhabua,9.1.9,0.18000065595523287,0.027880736794097225,0.06220038933920774,1915.0
Kaimur Bhabua,9.2.1,0.3331026584125427,0.20832567401849508,0.15373715612079542,3504.3333333333335
Katihar,1.1,0.28280158197738725,0.19524421298477468,0.1091306465945003,9314.333333333334
Katihar,1.2.1,0.26041496486129406,0.1735543488101302,0.10802912225372595,5379.0
Katihar,11.1.1.a,6.626404183255687,3.7633795141525255,4.5004822243037985,131.0
Katihar,14.1.1,0.7945450928183796,0.4280679303700347,0.3321398402788013,172.66666666666666
Katihar,14.1.2,0.4088475694439633,0.29767337877393557,0.2845829474959401,207.33333333333334
Katihar,14.2.1,0.25845803282195523,0.21292521673191092,0.1483740936371898,173631.0
Katihar,14.5,0.16861971941467488,0.22402755042426659,0.15770067891999923,2082.3333333333335
Katihar,14.6.1,0.2368047616841166,0.2201375453178274,0.18975737571929516,454.6666666666667
Katihar,2.2,0.2190517527316025,0.11450747003787204,0.18954796385349257,7854.666666666667
Katihar,9.1.10,0.28531174800931564,0.15167777954528502,0.15313160488718122,8757.0
Katihar,9.1.17,0.1889865648029747,0.10189687450143585,0.10386691079568665,7975.333333333333
Katihar,9.1.2,0.2246826573932734,0.17238862111125855,0.11904441135882836,10393.333333333334
Katihar,9.1.6,0.2908279089848227,0.16566114319742256,0.1456885856349974,8657.666666666666
Katihar,9.1.9,0.22134994544998074,0.22066624636666302,0.19732596546105063,7891.666666666667
Katihar,9.2.1,0.35801965767801436,0.24911279319762578,0.24440714706695268,7315.666666666667
Khagaria,1.1,0.2935032350238122,0.13627006091531607,0.08580584672889872,4915.333333333333
Khagaria,1.2.1,0.3042557640117716,0.13962973415366894,0.10136979794130345,2636.3333333333335
Khagaria,10.1,1.7824352161965231,0.8805505463783662,0.7034759041162056,537.3333333333334
Khagaria,10.11,0.4380162064817144,0.42157395013646887,0.5008947616271525,617.3333333333334
Khagaria,11.1.1.a,0.6243187706602341,0.6823561287407158,0.7577964111672232,93.66666666666667
Khagaria,14.1.1,0.46802141699347705,0.3557850424188405,0.2580291341331445,249.33333333333334
Khagaria,14.1.2,0.5586155996838709,0.31698583052749724,0.318685226140734,225.0
Khagaria,14.17,0.5943369012811254,0.2511574074074074,0.2575308952565119,27.0
Khagaria,14.2.1,0.2760482539664612,0.1434782029249078,0.09213542087076503,106376.0
Khagaria,14.4.6,0.8846153846153847,2.2300211382436426,1.335956997972317,23.0
Khagaria,14.4.7,0.46943457544961315,0.7886129838312338,1.1494033279294504,50.333333333333336
Khagaria,14.5,0.10875795012600936,0.1202244220186159,0.16660603234533175,5711.333333333333
Khagaria,14.6.1,0.5801939147138188,0.6099585459142275,0.4744350801209413,132.0
Khagaria,2.2,0.14669542194876656,0.05255898773587959,0.050570493305015264,2980.0
Khagaria,9.1.10,0.34996504231193376,0.16558421975016285,0.11517378761722426,4898.666666666667
Khagaria,9.1.17,0.43934589956930625,0.27443060295519245,0.20151595734721428,4563.0
Khagaria,9.1.2,0.19549504486550465,0.09462204234140237,0.09575597848779388,4133.666666666667
Khagaria,9.1.6,0.3521837627685378,0.17088809185394824,0.11494548170542969,4902.666666666667
Khagaria,9.1.9,0.18416244189184203,0.059888848485831904,0.06720895957194818,3440.3333333333335
Khagaria,9.2.1,0.7365474111660552,0.1833804652109737,0.22070385176051907,4214.666666666667
Kishanganj,1.1,0.12819207659463303,0.09643960193120497,0.08151691800600706,6280.666666666667
Kishanganj,1.2.1,0.1327530610141954,0.07239238464348828,0.09181377811980901,2554.0
Kishanganj,10.1,0.6494373899466998,2.2999527909754667,0.8828070847544877,55.333333333333336
Kishanganj,10.11,0.2693552653351679,0.09914146172680498,0.12730924246594275,132.0
Kishanganj,14.1.1,0.21338158061242543,0.7053229856073111,0.3688867500061444,449.0
Kishanganj,14.1.2,0.15430418911694188,0.07019352868873546,0.2621748005687492,319.6666666666667
Kishanganj,14.2.1,0.24775373884283472,0.2329536091326209,0.26591769386357506,70147.66666666667
Kishanganj,14.4.3,0.4085599804969026,0.2685910818657607,0.08434947280759457,113.33333333333333
Kishanganj,14.4.4,1.2587717745832332,1.838729837825074,1.9619294629635293,65.66666666666667
Kishanganj,14.4.7,0.21164094730148553,0.18901871555292823,0.22774381132776075,579.6666666666666
Kishanganj,14.5,0.23548944326125695,0.4984031005380778,0.3518002453723194,6292.666666666667
Kishanganj,14.6.1,6.6061651612499075,0.1221223009036418,0.1465756951285154,62.333333333333336
Kishanganj,2.2,0.106845296063468,0.04603026553983006,0.04227652287965816,2719.3333333333335
Kishanganj,9.1.10,0.19742315313968872,0.09112222012755743,0.08551654639071254,4674.666666666667
Kishanganj,9.1.17,0.1969146482852464,0.10073735612433499,0.09938280554947514,4571.666666666667
Kishanganj,9.1.2,0.13142801801943457,0.03770520333278845,0.07695203933544963,4759.333333333333
Kishanganj,9.1.6,0.20174134790887646,0.09558928087237652,0.08725062507391212,4705.0
Kishanganj,9.1.9,0.17500197584792496,0.07209961090718676,0.03931665325797052,3083.0
Kishanganj,9.2.1,0.41485275542201644,0.4312165787739369,0.1897693113428021,3936.6666666666665
Lakhisarai,1.1,0.2182198620062669,0.11678324456942583,0.1133510646900417,2307.3333333333335
Lakhisarai,1.2.1,0.18994206724631724,0.13620854854881612,0.07521689562332605,1390.0
Lakhisarai,11.1.1.a,0.6846957206817702,2.0073606078612465,1.3492592745692293,141.0
Lakhisarai,14.1.1,0.585843149585339,0.5351567646418904,0.3897879322096136,379.6666666666667
Lakhisarai,14.1.2,0.7664667810367846,0.17422791871370133,0.21200865242034908,167.33333333333334
Lakhisarai,14.2.1,0.2247236271607772,0.18091943131658347,0.19818939715389647,44393.0
Lakhisarai,14.5,0.6438304925986377,0.5154156361025973,0.41491738732689704,491.3333333333333
Lakhisarai,2.2,0.1571067840949542,0.0697690312605599,0.04193942217560309,1111.6666666666667
Lakhisarai,9.1.10,0.3366849271951769,0.16645849128463916,0.15358474169281425,2240.0
Lakhisarai,9.1.17,0.3276905174968885,0.20643848402615314,0.20280718496299666,2242.6666666666665
Lakhisarai,9.1.2,0.39434802281874015,0.17065113710281268,0.18186555333484802,1738.0
Lakhisarai,9.1.6,0.3063315920382732,0.17536924894624498,0.15011414627498035,2246.3333333333335
Lakhisarai,9.1.9,0.2157505738730463,0.09347911479077221,0.12806834667632058,1242.6666666666667
Lakhisarai,9.2.1,0.8542361934333996,0.2956989598730345,0.30909581759361776,1896.6666666666667
Lakhisarai,9.4.6,0.895033629926112,0.08502744924194751,0.11144126190427091,2272.6666666666665
Madhepura,1.1,0.22579434387801667,0.17212222620713527,0.128398836835546,5509.0
Madhepura,1.2.1,0.23459444208278565,0.16316056756884545,0.10785056037288147,2962.0
Madhepura,11.1.1.a,0.9066233290046594,0.7480438530546779,0.24024637089493284,136.0
Madhepura,14.1.1,0.16864972619696564,0.08995274011186505,0.050837055011646294,613.0
Madhepura,14.1.2,0.20365841112460478,0.1407593114220804,0.1390473109047774,518.3333333333334
Madhepura,14.2.1,0.1960875215005761,0.09838945985326193,0.11804556070302508,139983.66666666666
Madhepura,14.5,0.11516592415031053,0.0767465695054872,0.08291928448461051,5216.666666666667
Madhepura,14.6.1,0.13622029405220445,0.16475968243314518,0.12294544871888473,104.33333333333333
Madhepura,2.2,0.169471517198701,0.039813670464746743,0.052965094020423605,3484.3333333333335
Madhepura,9.1.10,0.1207810053841456,0.0764326415799879,0.09795869579503706,5624.666666666667
Madhepura,9.1.17,0.10584072618827332,0.14176909047841643,0.18266840620572203,5089.666666666667
Madhepura,9.1.2,0.19305332718205662,0.07973668384902192,0.13375718038934592,4513.333333333333
Madhepura,9.1.6,0.17685672048309928,0.11877509510140989,0.1320465463892532,5634.666666666667
Madhepura,9.1.9,0.1549539769659649,0.1228513277616362,0.06490738786969298,3574.3333333333335
Madhepura,9.2.1,0.36908494110851137,0.2572281544291722,0.1909924898768025,4309.666666666667
Madhubani,1.1,0.3794452666011616,0.20105163871517517,0.27248590627499275,8920.333333333334
Madhubani,1.2.1,0.3691517935181734,0.2129913659970203,0.2371123934725352,5444.333333333333
Madhubani,10.11,2.4360086067778375,3.7580128242249473,3.1317003258124934,85.33333333333333
Madhubani,11.1.1.a,0.47803057009680777,0.24379355560433322,0.22575777378813908,68.33333333333333
Madhubani,14.1.1,0.6026083834081789,0.4855743485764638,0.6204514290161982,846.3333333333334
Madhubani,14.1.2,0.8163016596618878,0.6118872297046272,0.6969473260338156,1117.6666666666667
Madhubani,14.17,0.09082621082616156,0.056821239166259974,0.04783821105957031,25.0
Madhubani,14.2.1,0.3534613785672673,0.22457379527346033,0.21315433601162828,232267.33333333334
Madhubani,14.4.7,0.19332971553124811,0.19006632664104964,0.1722480664898917,255.66666666666666
Madhubani,14.5,0.4401027855466115,0.07221677632213407,0.21651979730398727,2539.3333333333335
Madhubani,14.6.1,0.1797344752312736,0.09131078106677896,0.14645266197954523,261.3333333333333
Madhubani,2.2,0.4114113600075829,0.3811626914448743,0.4060167898470852,6988.333333333333
Madhubani,9.1.10,0.36865371831367294,0.20096767626623566,0.19750939756652822,9524.333333333334
Madhubani,9.1.17,0.3925017425652039,0.1956433845517361,0.21726549710730567,9301.0
Madhubani,9.1.2,0.32250257349944755,0.13538679735891626,0.1967453994930494,8777.0
Madhubani,9.1.6,0.38735632172792817,0.2168910581777863,0.2146871927882523,9490.333333333334
Madhubani,9.1.9,0.24744540040021068,0.08761488164280358,0.14387735431185256,5019.666666666667
Madhubani,9.2.1,0.37006885827280733,0.5455158495607536,0.42273101097713256,7339.333333333333
Madhubani,9.2.2,0.664929693961952,0.6760731100110421,31.017528246807796,22.0
Munger,1.1,0.1975720350832584,0.13019647178184127,0.1389801958135322,2710.3333333333335
Munger,1.2.1,0.21150680614848383,0.09381780177572195,0.11964568193872176,1550.0
Munger,10.11,0.8251685119609796,1.2936789139930018,1.8051569804434209,205.66666666666666
Munger,11.1.1.a,0.832611133172931,2.262427056386905,1.6692909624161707,81.0
Munger,14.1.1,0.9319658956370268,0.531800641506357,0.49491349295476894,930.6666666666666
Munger,14.1.2,0.5371038916677862,0.4040317379863871,0.6252153081243624,707.6666666666666
Munger,14.17,22.726654461180633,24.935325540455867,24.66013015273886,49.0
Munger,14.2.1,0.22884363999106058,0.17863923539261517,0.15019002066896475,80362.33333333333
Munger,14.4.7,4.349230600726329,4.61919226625043,5.286744132340804,71.0
Munger,14.5,0.24358053589428755,0.2950844399614268,0.17297599420282572,2644.0
Munger,14.6.1,0.7695785513391135,0.7489115072143823,0.22630314907456453,128.66666666666666
Munger,2.2,0.24120903053226328,0.1571643086609897,0.17000408439550427,1716.0
Munger,9.1.10,0.38185848593988475,0.13470698449337204,0.15554536556594142,2594.0
Munger,9.1.17,0.41419695920885874,0.13158655991896115,0.22916836550650002,2547.3333333333335
Munger,9.1.2,0.22794302378459189,0.13697463860408365,0.13099665490345958,2048.3333333333335
Munger,9.1.6,0.3798163762940358,0.13025215864710657,0.15298560921438134,2597.6666666666665
Munger,9.1.9,0.177722756055147,0.11113500744470513,0.09184851387560093,1609.3333333333333
Munger,9.2.1,0.2407112956529682,0.23491302352044494,0.23595586416312117,1803.0
Muzaffarpur,1.1,0.4091778391428766,0.2341685461861537,0.14423983842181276,12408.0
Muzaffarpur,1.2.1,0.4333938230288514,0.19564742806525837,0.11062634018920188,5922.666666666667
Muzaffarpur,10.11,0.45316292206144837,0.29625773455336074,0.3678018054255732,41.666666666666664
Muzaffarpur,11.1.1.a,1.8453305812954433,1.7687985349379518,1.6026747991416468,126.0
Muzaffarpur,14.1.1,0.9215449655013868,0.5312324378369216,0.5965472380242482,1428.3333333333333
Muzaffarpur,14.1.2,0.8770347150768877,0.5893121185265909,0.6098553206769429,936.0
Muzaffarpur,14.1.6,1.0,0.9550354199099719,0.9910423513144337,103.66666666666667
Muzaffarpur,14.2.1,0.39112198006157217,0.29239317586126257,0.25464799995469695,209836.0
Muzaffarpur,14.5,0.5082496841398317,0.5005139536746935,0.41389038627341623,3301.0
Muzaffarpur,2.1.2,0.4705513047726548,0.7470477193992577,0.8167409417626855,51.666666666666664
Muzaffarpur,2.2,0.38172764484881744,0.32645121899472523,0.25099122352838976,6069.0
Muzaffarpur,9.1.10,0.48000343831450326,0.23691734301876113,0.12641684381117654,10227.666666666666
Muzaffarpur,9.1.17,0.47311062777761553,0.162520160554694,0.10422609258130063,10014.666666666666
Muzaffarpur,9.1.2,0.4160444162501568,0.23888366820749593,0.18606467323374284,9014.666666666666
Muzaffarpur,9.1.6,0.4794995635764487,0.24362589098534562,0.12778090556989705,10229.333333333334
Muzaffarpur,9.1.9,0.27345319118206085,0.172568339389472,0.18731998720516377,5090.0
Muzaffarpur,9.2.1,0.5383201514956666,0.2019303549483774,0.19246909916400537,9442.666666666666
Muzaffarpur,9.2.2,30.745960271371086,5.348654441533699,6.516322956255292,87.33333333333333
Muzaffarpur,9.4.6,0.9472492964121111,0.3363113671040479,0.3073855184717849,17934.666666666668
Nalanda,1.1,0.37320481028193564,0.16134948689679057,0.14820313577802174,7513.0
Nalanda,1.2.1,0.33175869129030694,0.12916416433152547,0.09535715151827129,3716.6666666666665
Nalanda,10.1,0.1848519127930892,0.34021370195152084,0.2796226744841623,21.0
Nalanda,10.11,1.2389012574345342,0.8255947969523358,0.4994578063050524,92.0
Nalanda,11.1.1.a,0.2366808979599824,0.18313871463384968,0.272790880138491,290.6666666666667
Nalanda,14.1.1,0.47772731917086464,0.24088639970564027,0.21361878236745513,1391.6666666666667
Nalanda,14.1.2,0.5186245499159522,0.21066112203967666,0.17598026859553073,997.3333333333334
Nalanda,14.17,0.11397446266206496,0.01655497738979241,0.012362685305340147,28.333333333333332
Nalanda,14.2.1,0.24987617216676994,0.15390902407235682,0.14216266662563745,206003.0
Nalanda,14.4.4,0.6833387817370914,0.8542518448925241,0.5012608179970394,33.0
Nalanda,14.4.6,1.0,0.4123409833631675,0.7216238637153062,27.0
Nalanda,14.4.7,1.5643621889280583,1.0286067827287895,1.0334959179032726,95.33333333333333
Nalanda,14.5,0.25290323640603374,0.1865252429759615,0.15975905259002432,2341.3333333333335
Nalanda,14.6.1,0.18532179263633944,0.2967655683488626,0.24812467738993574,752.6666666666666
Nalanda,2.2,0.16255546286101524,0.08353558333300154,0.0690760421528271,3281.6666666666665
Nalanda,9.1.10,0.3214485605416755,0.08238393172200996,0.10781404788743276,6918.0
Nalanda,9.1.17,0.33863935736891654,0.12017524163664998,0.11978209850594242,6933.333333333333
Nalanda,9.1.2,0.25721818198478585,0.1079087188029708,0.10410020692482451,5576.333333333333
Nalanda,9.1.6,0.32023559099654825,0.08644990846317246,0.10951324108772147,6932.0
Nalanda,9.1.9,0.2000739508710896,0.07180312519660455,0.080628360057417,3477.3333333333335
Nalanda,9.2.1,0.5053040966856542,0.10762437491921888,0.10197122066639346,6082.333333333333
Nalanda,9.4.6,0.8880651360835836,0.10759031563595604,0.11255675122485054,6391.666666666667
Nawada,1.1,0.18475727403814915,0.16397440174257438,0.1415061443609489,4772.0
Nawada,1.2.1,0.204567539488784,0.18103673358345476,0.15294531508933065,2987.6666666666665
Nawada,10.11,0.9272994925168838,0.31995038516777646,0.2844293594111318,34.666666666666664
Nawada,11.1.1.a,0.1317088421178461,0.26425838539814117,0.3541391363758935,465.0
Nawada,14.1.1,0.10076179054300832,0.23908487609661364,0.12902300071675105,959.3333333333334
Nawada,14.1.2,0.9039333328273145,0.6024851158835739,0.27631060947391733,386.3333333333333
Nawada,14.17,0.1455997642194491,0.2285259898104215,0.04392027653953581,29.666666666666668
Nawada,14.2.1,0.23503877236648588,0.1500340061255161,0.1429792794146271,89510.0
Nawada,14.4.4,0.47244822485207094,0.6676673925677518,0.2650176857271765,29.666666666666668
Nawada,14.4.7,0.48304784504848053,0.13450732962928086,0.09411801254783848,213.66666666666666
Nawada,14.5,0.5629206119166413,0.029083909230341033,0.06493054138606254,1937.6666666666667
Nawada,14.6.1,0.29012858402778724,0.19102795494958713,0.14063797296828082,131.33333333333334
Nawada,2.2,0.12455547517612392,0.08036160352014039,0.07557613721066313,2403.0
Nawada,9.1.10,0.1909348104210308,0.15372759570306424,0.13978523435502763,5194.0
Nawada,9.1.17,0.1903578331456268,0.14873413180404318,0.13822599770177324,5116.666666666667
Nawada,9.1.2,0.2240919059056703,0.14397592101336312,0.11415255771142474,4252.333333333333
Nawada,9.1.6,0.1992659545227745,0.15911722645189938,0.14081945590921732,5197.333333333333
Nawada,9.1.9,0.10613614178256164,0.07672644474104728,0.03009475095739092,2578.0
Nawada,9.2.1,0.4024872880749768,0.23033010444191013,0.1682921565692915,4193.0
Nawada,9.4.6,0.9721177731089345,0.15890196851410407,0.09523154166121552,4497.0
Patna,1.1,0.3570608148620811,0.2695282926507373,0.21911290019882634,12233.0
Patna,1.2.1,0.43109377092940887,0.24620728940027892,0.18415390883665517,6034.0
Patna,1.3.2,0.8632207912750899,1.2484653447407545,1.0045255143178535,41.0
Patna,10.11,2.0260728381286905,1.0891965192645225,0.7225092114387467,69.0
Patna,11.1.1.a,0.673495915637515,0.2629718352443194,0.26413106827766547,110.0
Patna,14.1.1,0.36305748330612214,0.24256707500934546,0.19248783109004486,4444.333333333333
Patna,14.1.2,0.48285618480895764,0.2989297365041365,0.2895380752272632,2468.0
Patna,14.1.6,0.639797294209059,0.5569397051726779,0.7108134237415226,127.33333333333333
Patna,14.2.1,0.24790219850475625,0.2065534702786543,0.22479706743828898,270930.6666666667
Patna,14.4.4,1.7257854821230303,0.8465404939031829,0.6349345737033419,51.0
Patna,14.4.7,0.4697627990018742,0.5676876099726043,0.35761935615612717,69.66666666666667
Patna,14.5,4.361961730327519,3.9551343901885105,3.5640813623292957,2272.0
Patna,14.6.1,0.6355072463768116,0.7359717577108881,0.5197038921370984,67.33333333333333
Patna,2.2,0.3540650350463852,0.20359454435388832,0.1931657913645354,4576.0
Patna,9.1.10,0.42435376227972604,0.1949671690585807,0.15935229945609253,11466.0
Patna,9.1.17,0.3929227107881991,0.17987206452892637,0.1676429072677085,11233.666666666666
Patna,9.1.2,0.3736854796701317,0.13808668908538554,0.1706935812383854,9740.0
Patna,9.1.6,0.4204673679538264,0.19344111407175155,0.1623823497243204,11508.0
Patna,9.1.9,0.25985344157034174,0.1296331897354067,0.1533381766397995,6104.333333333333
Patna,9.2.1,0.5574926125921117,0.16832552986686158,0.16974469613800766,10191.666666666666
Patna,9.4.6,0.8748573124066773,0.058141576210186535,0.139687848034791,10290.666666666666
Purnia,1.1,0.29970341547200313,0.1927392042546305,0.13347614331594712,9945.333333333334
Purnia,1.2.1,0.28587220678644104,0.18071693640131833,0.13035361668657167,5539.0
Purnia,10.11,0.5975083490903208,0.11474345663254332,0.09665153438486042,284.3333333333333
Purnia,11.1.1.a,0.44323599177968104,0.427678410301705,0.330928172690522,159.66666666666666
Purnia,14.1.1,0.8858515342382823,0.15307559989668998,0.23969609089534458,1598.0
Purnia,14.1.2,0.6597588489044778,0.2981658500341866,0.2406560063839017,1658.0
Purnia,14.17,0.5644425412644037,0.09649122807017545,0.0895046095133793,72.33333333333333
Purnia,14.2.1,0.22496306518186956,0.13985718418980442,0.12406611243658676,188601.66666666666
Purnia,14.4.4,1.1926092509157689,1.5437945538385478,1.3037766430767543,95.33333333333333
Purnia,14.4.7,0.4468888315243744,0.6351710553030223,1.4171568230445237,144.66666666666666
Purnia,14.5,0.06001201961430896,0.048275072635841056,0.060408353512648304,4172.0
Purnia,14.6.1,0.8057545993557275,0.30159374578664894,0.2000449450046874,477.6666666666667
Purnia,2.2,0.22930085149453772,0.07834064504713344,0.07365065508158904,6424.0
Purnia,9.1.10,0.29178703638732767,0.19028077162048165,0.17685730886623588,9806.666666666666
Purnia,9.1.17,0.26587496894089613,0.1706172029031926,0.1700886494479998,9550.0
Purnia,9.1.2,0.2819268356683223,0.1307601047666799,0.11917757210095122,8676.666666666666
Purnia,9.1.6,0.29134388622721946,0.19107105416779588,0.17686819003794826,9813.0
Purnia,9.1.9,0.3221360894696383,0.15351757183183723,0.15247778832993103,6676.666666666667
Purnia,9.2.1,0.6167742643783218,0.3287151109555267,0.19894390694029365,7590.0
Rohtas,1.1,0.2784085038385254,0.10571957100312955,0.10365658156568804,7071.666666666667
Rohtas,1.2.1,0.2696888396648856,0.12091339110455483,0.12270795817414426,4081.6666666666665
Rohtas,11.1.1.a,0.6423120472937603,0.14931301826357637,0.13544833575669277,1483.0
Rohtas,14.1.1,0.9933628246589411,0.32139287124719346,0.2804586437132913,1440.6666666666667
Rohtas,14.1.2,0.8911966719764554,0.46511959122929386,0.24922168413264056,1076.3333333333333
Rohtas,14.2.1,0.32488479345882576,0.18793173732497162,0.18069619055588762,140419.66666666666
Rohtas,14.5,0.5613585519190534,0.5945459681771511,0.513321326400468,256.3333333333333
Rohtas,14.6.1,0.8676837088640804,0.5422651763047758,0.31463791657425694,41.666666666666664
Rohtas,2.2,0.21476656188441479,0.18820082322432322,0.12316433951093303,3562.0
Rohtas,9.1.10,0.41044341670079376,0.07523731588664649,0.09554059005711822,6527.666666666667
Rohtas,9.1.17,0.33592633451200343,0.05286215631135995,0.09567094975336458,6369.333333333333
Rohtas,9.1.2,0.3637981636505479,0.06677729492688106,0.11773213552567997,5021.333333333333
Rohtas,9.1.6,0.3882043846569978,0.06837736770835418,0.09044065279397784,6573.666666666667
Rohtas,9.1.9,0.22291186316088252,0.10126755298597882,0.09982495424811884,3268.6666666666665
Rohtas,9.2.1,0.3553204953845446,0.19266059389096057,0.18488505737612113,5520.333333333333
Saharsa,1.1,0.23154106456017734,0.19930119121648768,0.21319928254241585,4916.0
Saharsa,1.2.1,0.21727789817071322,0.2524592200845639,0.23363231305408746,2181.0
Saharsa,10.1,1.0213053613053613,2.411624941039873,1.6774103068342112,20.0
Saharsa,10.11,0.25439201201906797,0.1006074864401849,0.0996098154015384,510.6666666666667
Saharsa,11.1.1.a,0.17933734656121725,0.22180353642857017,0.23966121539882765,82.66666666666667
Saharsa,14.1.1,0.5218084474323336,0.36303115950657733,0.21303582509275867,475.0
Saharsa,14.1.2,0.4558739560020311,0.8384025805467311,0.703099217882233,77.0
Saharsa,14.17,1.989371160149149,1.546061088523467,1.3330114208995956,25.333333333333332
Saharsa,14.2.1,0.17582856197582197,0.20648964787336474,0.15501774431789658,50012.333333333336
Saharsa,14.4.4,0.209739529495103,0.7381976300984339,0.35998772231523685,182.33333333333334
Saharsa,14.4.6,0.5738555300420973,0.581840104036428,0.46434535853700654,47.0
Saharsa,14.4.7,0.25060163666752394,0.1825667837822125,0.1310928194356701,448.0
Saharsa,14.5,0.08194944517382359,0.09778454596965092,0.07741163399410463,3169.0
Saharsa,14.6.1,0.14167979503612563,0.6333542057159146,0.4249114131385829,142.33333333333334
Saharsa,2.2,0.20382347544874546,0.2191956220788248,0.2168906773910131,4620.666666666667
Saharsa,9.1.10,0.36726794960259584,0.3085637404806039,0.26690941195586926,5191.0
Saharsa,9.1.17,0.35232634825579506,0.3204011064540386,0.2424756959555022,5232.0
Saharsa,9.1.2,0.3006097969902139,0.13928916067578953,0.14129148263293745,4228.333333333333
Saharsa,9.1.6,0.361758810995652,0.29696760665234095,0.252739158631247,5247.333333333333
Saharsa,9.1.9,0.2833899480355299,0.10770547456053094,0.13621731995517425,3362.6666666666665
Saharsa,9.2.1,0.22652118611566607,0.5564391359388798,0.33085685066230364,4099.333333333333
Samastipur,1.1,0.6041099422741458,0.31626716483550615,0.20519874158359616,10206.0
Samastipur,1.2.1,0.5882752804464563,0.32045149413687524,0.210666514927795,5545.666666666667
Samastipur,10.1,0.776098901098901,0.23666475898554298,0.2576333378988599,26.666666666666668
Samastipur,10.11,0.41849769085506544,0.3684810784780505,0.3246292199046768,544.3333333333334
Samastipur,11.1.1.a,2.080952380952381,0.5673785954190854,0.505435319930788,32.0
Samastipur,14.1.1,0.7367743740692347,0.8067806593177571,0.6104362221915601,2289.6666666666665
Samastipur,14.1.2,1.0249945654069235,0.8649157636957573,0.6621379778159526,1391.0
Samastipur,14.17,0.11396342154338851,0.15474674196082686,0.20752146336135444,78.33333333333333
Samastipur,14.2.1,0.3995997843990607,0.20044721262923118,0.22928951676817258,169100.33333333334
Samastipur,14.4.7,0.2571715906572936,0.31094748352466084,0.5218459351065188,181.66666666666666
Samastipur,14.5,0.03427746876163051,0.06521638838111353,0.028178402995142075,3155.3333333333335
Samastipur,14.6.1,0.6861373673326899,0.056494422736519,0.08013451078330174,1287.3333333333333
Samastipur,2.1.2,3.0879920344188836,0.251984126984127,0.1899530955723354,27.666666666666668
Samastipur,2.2,0.21495904578495564,0.09166261198078403,0.10319221831919101,7007.0
Samastipur,9.1.10,0.7528392302692843,0.38888707142402595,0.23490713387321238,9541.666666666666
Samastipur,9.1.17,0.7638932144426516,0.4070385075858374,0.2374568400023386,9039.0
Samastipur,9.1.2,0.39429704256597603,0.14585180186100719,0.16935172956397784,8620.666666666666
Samastipur,9.1.6,0.7656594351335491,0.3960819202882007,0.2296657387316232,9545.666666666666
Samastipur,9.1.9,0.2655796354690775,0.1005060297014162,0.1276195960385552,7453.0
Samastipur,9.2.1,0.7537411407380353,0.3083340454591657,0.3405926789106009,8803.333333333334
Samastipur,9.4.6,0.9839248324396875,0.16702350087011797,0.1976276728877804,8725.0
Saran,1.1,0.23811696264148066,0.10801771729684699,0.1023177572803534,10393.666666666666
Saran,1.2.1,0.23229621142431575,0.10100294781812846,0.09680645991381054,5627.666666666667
Saran,10.11,0.3170428401374452,1.1592271292420606,0.8452920742367825,28.666666666666668
Saran,11.1.1.a,0.3572440927279637,0.31251646202927164,0.28833682100798036,561.3333333333334
Saran,14.1.1,0.6381594148284294,0.5019022240415516,0.5078925765705896,2836.3333333333335
Saran,14.1.2,0.6748132837681308,0.42564852919582247,0.4720707637549546,1188.3333333333333
Saran,14.17,1.0,2.2491890516209025,1.8104953308369816,84.0
Saran,14.2.1,0.2500567245047351,0.1005906320902465,0.0978419424688763,288260.0
Saran,14.4.4,1.0,0.5846560846560847,0.700823365065156,63.0
Saran,14.4.7,1.0,0.36312464400976446,0.5699279616543842,196.66666666666666
Saran,14.5,0.1468776371586443,0.19393634068673338,0.16055964897139438,6094.333333333333
Saran,14.6.1,0.43578447846056784,0.3306684710691173,0.31742023919005263,451.3333333333333
Saran,14.6.4,1.0,0.3859769962467401,0.5209996055834221,22.333333333333332
Saran,2.2,0.14542213508061944,0.1738066935219252,0.13105178937923892,5087.666666666667
Saran,9.1.10,0.3250681236547692,0.14819558143276576,0.14836305933270652,8261.333333333334
Saran,9.1.17,0.3327226806369539,0.19932776937016247,0.11647794947925683,7919.666666666667
Saran,9.1.2,0.23714834150143096,0.11280823538224331,0.09160530368607295,7656.0
Saran,9.1.6,0.32659331746506143,0.14945031915805526,0.14574629592013644,8259.0
Saran,9.1.9,0.14382882225425694,0.045236669013650095,0.03354741937819012,5239.333333333333
Saran,9.2.1,0.2780656909540179,0.18817442128868575,0.14488121273573432,7727.0
Saran,9.4.6,0.9689135033464575,0.11200916290068773,0.11806906884177464,8293.0
Sheikhpura,1.1,0.2326000392678268,0.08091993132144899,0.11389568541441604,1512.3333333333333
Sheikhpura,1.2.1,0.22933668006746766,0.07824058264054289,0.08872779548096638,972.0
Sheikhpura,10.11,0.7863686978598335,0.9665763633546303,0.5953274378306137,47.333333333333336
Sheikhpura,14.1.1,2.680336215644811,0.48165405837660674,0.4298498866546012,358.0
Sheikhpura,14.1.2,0.5092060031493232,0.4749530085064622,0.12733222835786576,237.66666666666666
Sheikhpura,14.2.1,0.3262905560126832,0.22725686821984736,0.16879807648096926,42254.666666666664
Sheikhpura,14.5,0.3787617177364864,0.19477059448708478,0.12091967340772326,711.0
Sheikhpura,14.6.1,0.7532166823803451,0.24503950896266677,0.20272273331281324,89.66666666666667
Sheikhpura,2.2,0.23012999084207164,0.2306025044562164,0.19022853736937395,1318.0
Sheikhpura,9.1.10,0.2515825842553531,0.0992417297198211,0.08971706156087948,1567.0
Sheikhpura,9.1.17,0.250255170293499,0.12854808592160605,0.0996381083038918,1560.6666666666667
Sheikhpura,9.1.2,0.21791532319128307,0.07722918313376807,0.08737192287869268,1256.0
Sheikhpura,9.1.6,0.2463161334972419,0.09914404125244476,0.08548420970732196,1567.3333333333333
Sheikhpura,9.1.9,0.2226206665105268,0.08152782607148452,0.09303849480174703,994.0
Sheikhpura,9.2.1,0.3542358553316263,0.194701969188571,0.173045298961368,1226.6666666666667
Sheikhpura,9.4.6,0.9290221542318006,0.09416088885975422,0.06251399197305475,1414.0
Sheohar,1.1,0.44074202588925293,0.21498341414424804,0.21785649786631722,1708.3333333333333
Sheohar,1.2.1,0.35115419481423205,0.17581736485422475,0.1768016420570059,1168.0
Sheohar,10.11,0.29215793339081003,1.2271543689981117,0.9794768806172033,50.666666666666664
Sheohar,11.1.1.a,1.0,1.0,1.0009441273819124,32.333333333333336
Sheohar,14.1.1,3.2937062937062933,6.4303131625913466,3.3315300984816116,34.333333333333336
Sheohar,14.1.2,13.099190722606586,7.320996920708741,6.116511588742881,37.333333333333336
Sheohar,14.2.1,0.5653109004669085,0.44078240763446824,0.46115696309861054,20206.333333333332
Sheohar,2.2,1.9641051654919142,1.4395483121879717,1.331601907647675,506.6666666666667
Sheohar,9.1.10,0.5726533923596605,0.321493662565974,0.4011624601910044,1577.6666666666667
Sheohar,9.1.17,0.5845250861139046,0.44383993101012664,0.47850783904903355,1577.0
Sheohar,9.1.2,0.8491038349513458,0.5935559949479213,0.5826925392612451,1511.6666666666667
Sheohar,9.1.6,0.5711782912133914,0.4193888675227438,0.39972746859498415,1577.6666666666667
Sheohar,9.1.9,0.48788025046558653,0.6235944049272105,0.5909521075620313,1081.6666666666667
Sheohar,9.2.1,0.3159331950578137,0.3521121184726679,0.32737395182778917,1449.3333333333333
Sitamarhi,1.1,0.25455217577628164,0.15068402022695696,0.13990623982576364,8632.0
Sitamarhi,1.2.1,0.2677271622462056,0.1333049663879736,0.21216187868301742,4761.0
Sitamarhi,10.11,0.19483956377050113,0.41410819473808064,0.3628870226676136,287.6666666666667
Sitamarhi,11.1.1.a,0.8934961397631217,0.42605489214142045,0.6809804464503149,124.0
Sitamarhi,14.1.1,1.0498987488596379,0.550625214415083,0.3929031637441847,838.0
Sitamarhi,14.1.2,1.8489132908511605,7.104584306282374,1.190948605369467,339.3333333333333
Sitamarhi,14.1.6,0.3333333333333333,0.37366255144032917,0.4383483869518027,90.0
Sitamarhi,14.2.1,0.18028134359248396,0.19584860975212895,0.2658466942486914,80461.0
Sitamarhi,14.4.7,14.74357396449704,17.683956156118523,13.48048843861985,79.33333333333333
Sitamarhi,14.5,0.26333057341987404,0.3000120600313459,0.22224969137171524,1404.3333333333333
Sitamarhi,2.1.2,3.213521386749733,2.3666710415693397,1.219370704072071,51.666666666666664
Sitamarhi,2.2,0.17670862254218225,0.04477116292164244,0.047633092527474614,3951.6666666666665
Sitamarhi,9.1.10,0.248773458599669,0.23847730001810788,0.30933610148097884,7090.0
Sitamarhi,9.1.17,0.3240205952625127,0.355097841223354,0.3688490542764706,7018.666666666667
Sitamarhi,9.1.2,0.23298808640301671,0.1285710279875246,0.1335133662943757,7281.0
Sitamarhi,9.1.6,0.2985207379533021,0.2181995561547924,0.26579331820940255,7544.666666666667
Sitamarhi,9.1.9,0.15746829060136802,0.07881510497790183,0.07846671928616931,4322.333333333333
Sitamarhi,9.2.1,0.3224658905513256,0.4946425738227971,0.36867569117073967,6536.333333333333
Sitamarhi,9.2.2,20.875471903982543,15.530212765957446,13.565123559397163,48.0
Sitamarhi,9.4.6,1.0,1.0,1.0000254933427302,50.0
Siwan,1.1,0.25409150208520553,0.12424773296497589,0.12390885924396437,9036.666666666666
Siwan,1.2.1,0.24044199764404772,0.10878798729741897,0.11177223385737241,7140.333333333333
Siwan,10.11,0.3359818778669555,0.358205189087542,0.33312084948500315,282.3333333333333
Siwan,11.1.1.a,0.27796546912837977,0.07169592442803274,0.33873422107413687,672.3333333333334
Siwan,14.1.1,0.8682006236101732,0.22521773010858415,0.41954244877351604,360.6666666666667
Siwan,14.1.2,0.7406875855589901,0.5720723619982225,0.4500251544368485,235.33333333333334
Siwan,14.2.1,0.2706014235366938,0.1742077772755559,0.17665271596490942,144454.0
Siwan,14.4.6,0.6634615384615385,0.7420775456256279,0.6092449844198883,91.0
Siwan,14.4.7,0.24130885478824893,0.23762409534827408,0.15432064337115492,111.33333333333333
Siwan,14.5,0.2653995677585291,0.18637076930887778,0.13981267355574425,3576.3333333333335
Siwan,2.2,0.30533070474645124,0.28155009304676143,0.17361589330519087,5760.333333333333
Siwan,9.1.10,0.26061385264129544,0.17409175490104953,0.15948781815951257,7559.666666666667
Siwan,9.1.17,0.3062066778563258,0.16186489361890652,0.15029532646080715,7383.333333333333
Siwan,9.1.2,0.19327826601248033,0.08582216087638024,0.10350121725782992,6158.0
Siwan,9.1.6,0.26520672720155786,0.16601007757385197,0.15710921770844008,7585.666666666667
Siwan,9.1.9,0.1325219083365843,0.10243302597654975,0.07721989633963129,4060.0
Siwan,9.2.1,0.11983893188022936,0.16425072901259627,0.2052050286358251,6881.0
Siwan,9.2.2,0.7102564102564103,0.333888108319613,7.839062912051688,26.333333333333332
Siwan,9.4.6,0.9710810150395893,0.13896629224486828,0.1530532009088155,7041.0
Supaul,1.1,0.25144871177281486,0.16797889075811626,0.08161231037051493,6101.666666666667
Supaul,1.2.1,0.25652054333547286,0.17825222455916392,0.10438771387783373,2811.0
Supaul,10.11,0.35057245637339013,0.3369500338481785,0.2233976201696115,103.0
Supaul,11.1.1.a,0.3021400102418849,0.39980625520401025,0.22534225319079168,105.0
Supaul,14.1.1,0.1987156896666112,0.25550409827704185,0.13033381204142638,535.0
Supaul,14.1.2,0.19241673850344174,0.23366218920162943,0.18626744137802234,565.0
Supaul,14.2.1,0.2727060813583639,0.22016721720681642,0.12331990766924673,132257.33333333334
Supaul,14.4.6,0.15825840825840823,0.21681871292659213,0.3154093562094508,22.333333333333332
Supaul,14.4.7,0.7393016202815667,0.1132689458723573,0.11280075535925949,201.66666666666666
Supaul,14.5,0.35218065305430457,0.2672161717505504,0.19612924607951562,3644.0
Supaul,14.6.1,3.173310603063212,0.535456201330078,0.6628243441412135,49.333333333333336
Supaul,2.1.2,0.5745819397993311,0.641883013196647,0.7811810231323979,42.0
Supaul,2.2,0.2034973545811266,0.14281189235886188,0.09928633282099543,3850.0
Supaul,9.1.10,0.34236238087896015,0.2302208564290883,0.11976602722490977,6383.666666666667
Supaul,9.1.17,0.17814999216555463,0.12195203679771538,0.11900244113534657,5806.0
Supaul,9.1.2,0.1947538737970802,0.0608260590866219,0.05851713018225815,4781.666666666667
Supaul,9.1.6,0.24885084245762032,0.12677327832010785,0.13863450164997734,6364.666666666667
Supaul,9.1.9,0.17357931178211236,0.12049516488067406,0.0561170442244503,3800.3333333333335
Supaul,9.2.1,0.2608589673685318,0.2125321399298442,0.1579604392120325,4913.333333333333
Vaishali,1.1,0.41307411170279346,0.2017003761994284,0.1586986324599214,9003.666666666666
Vaishali,1.2.1,0.3986585641707185,0.14069516598765183,0.1404597165564164,5487.333333333333
Vaishali,10.11,3.8158545054380273,0.5232734131795895,0.8324597730796491,54.333333333333336
Vaishali,11.1.1.a,0.333576090620308,0.8341962696645805,0.8201874589608386,29.333333333333332
Vaishali,14.1.1,0.5160115815497055,0.37214445385264844,0.6260596913008417,6895.333333333333
Vaishali,14.1.2,0.8611000568320583,0.16934691391950488,0.2892099317701526,2172.0
Vaishali,14.1.6,1.4473378202191765,0.4641145917972809,0.6277286971064994,44.333333333333336
Vaishali,14.2.1,0.5788391583165896,0.26110807715963646,0.29514793807565615,170527.66666666666
Vaishali,14.4.3,1.0,1.0152867189149353,0.35677813244415996,62.333333333333336
Vaishali,14.4.4,1.0,0.4190950654645254,0.4217632127224385,158.66666666666666
Vaishali,14.4.7,0.553679447487497,1.7694110795089106,0.646325228788254,28.666666666666668
Vaishali,14.5,7.090134142482356,0.22539749484826976,0.29380807129036013,980.0
Vaishali,14.6.1,2.6678837094513432,0.38034307074543633,0.2698037417739348,420.0
Vaishali,2.2,0.23213600598889858,0.120682422268844,0.12899050205271193,4853.333333333333
Vaishali,9.1.10,0.41334499630942095,0.2174520828648809,0.15472288547779364,8264.333333333334
Vaishali,9.1.17,0.4473998049425638,0.1584118586640805,0.16023817725354064,8204.0
Vaishali,9.1.2,0.19525945951817178,0.08213130706706229,0.08231742510371413,6690.333333333333
Vaishali,9.1.6,0.43384391434434266,0.22812811804629238,0.1534731222277654,8289.666666666666
Vaishali,9.1.9,0.1792936567702972,0.10839264317961596,0.1197702313253217,4928.666666666667
Vaishali,9.2.1,0.4154573139343278,0.313255240548632,0.2282979668367554,8336.0
Vaishali,9.4.6,0.962488275342218,0.3474789524758041,0.3676590021826167,13461.333333333334
West Champaran,1.1,0.2695800317795069,0.148485559395479,0.1345221289254058,11671.0
West Champaran,1.2.1,0.2696114317497073,0.10585408280458192,0.16379185105988817,4741.666666666667
West Champaran,10.11,0.5778349907061165,2.1740805686066746,1.7353101651049012,159.0
West Champaran,11.1.1.a,0.9442890442890444,1.7329935734127104,0.4239536172618649,50.333333333333336
West Champaran,14.1.1,0.8612478017746322,0.6550502216884202,0.29409795380913656,1584.0
West Champaran,14.1.2,0.8520968765479219,0.31993932955271553,0.6622209398987546,782.6666666666666
West Champaran,14.2.1,0.1682252132296961,0.14336829199932158,0.16393914414994135,108392.66666666667
West Champaran,14.4.7,5.142307692307693,4.6115155353803035,0.44034716439625576,21.333333333333332
West Champaran,14.5,308.8833976502873,811.1254218521299,660.0133570004524,2024.0
West Champaran,14.6.1,0.6666666666666666,4.170868922456922,5.905198977066228,180.33333333333334
West Champaran,2.2,0.13330317401729605,0.0299949578567561,0.027303797021178734,5696.333333333333
West Champaran,9.1.10,0.260861363112072,0.14886484199300995,0.12321827531388542,10029.666666666666
West Champaran,9.1.17,0.2711205751239016,0.1335640428189464,0.08211325408730814,9722.333333333334
West Champaran,9.1.2,0.22623169663132414,0.08120579875313633,0.11392294656423348,9348.666666666666
West Champaran,9.1.6,0.286271325568691,0.1333338986226957,0.11154079823431717,10037.666666666666
West Champaran,9.1.9,0.1769108927895191,0.07491030922489551,0.06264270340382287,7247.333333333333
West Champaran,9.2.1,0.18550370127605084,0.39891788855270294,0.26218255310893596,8660.333333333334
West Champaran,9.4.6,0.9801063617185023,0.0871001804827623,0.06594981105026464,8778.0
