state,source,source_name,canonical_name
A & N Islands,census,Nicobars,Nicobar
A & N Islands,nfhs5,Nicobars,Nicobar
Andhra Pradesh,census,Y.S.R.,Cuddapah
Andhra Pradesh,nfhs5,Y.S.R.,Cuddapah
Andhra Pradesh,census,Sri Potti Sriramulu Nellore,Nellore
Andhra Pradesh,nfhs5,Sri Potti Sriramulu Nello,Nellore
Andhra Pradesh,census,Visakhapatnam,Vishakapatnam
Andhra Pradesh,nfhs5,Visakhapatnam,Vishakapatnam
Bihar,census,Purba Champaran,East Champaran
Bihar,nfhs5,Purba Champaran,East Champaran
Bihar,census,Pashchim Champaran,West Champaran
Bihar,nfhs5,Pashchim Champaran,West Champaran
Chhattisgarh,census,Kabeerdham,Kawardha
Chhattisgarh,nfhs5,Kabeerdham,Kawardha
Chhattisgarh,census,Uttar Bastar Kanker,Kanker
Chhattisgarh,nfhs5,Uttar Bastar Kanker,Kanker
Chhattisgarh,census,Dakshin Bastar Dantewada,Dantewada
Chhattisgarh,nfhs5,Bemetara,Bemetra
Chhattisgarh,nfhs5,Kodagaon,Kondagaon
Jammu & Kashmir,census,Bandipore,Bandipora
Jammu & Kashmir,nfhs5,Bandipore,Bandipora
Jammu & Kashmir,census,Punch,Poonch
Jammu & Kashmir,nfhs5,Punch,Poonch
Jammu & Kashmir,census,Shupiyan,Shopian
Jammu & Kashmir,nfhs5,Shupiyan,Shopian
Jammu & Kashmir,census,Leh(Ladakh),Leh Ladakh
Jammu & Kashmir,nfhs5,Leh(Ladakh),Leh Ladakh
Karnataka,census,Bagalkot,Bagalkote
Karnataka,nfhs5,Bagalkot,Bagalkote
Karnataka,census,Bangalore,Bangalore Urban
Karnataka,nfhs5,Bangalore,Bangalore Urban
Karnataka,census,Chamarajanagar,Chamrajnagar
Karnataka,nfhs5,Chamarajanagar,Chamrajnagar
Karnataka,census,Chikkaballapura,Chikkaballapur
Karnataka,nfhs5,Chikkaballapura,Chikkaballapur
Karnataka,census,Ramanagara,Ramanagar
Karnataka,nfhs5,Ramanagara,Ramanagar
Madhya Pradesh,census,Ashoknagar,Ashok Nagar
Madhya Pradesh,nfhs5,Ashoknagar,Ashok Nagar
Madhya Pradesh,census,Chhindwara,Chhindwada
Madhya Pradesh,nfhs5,Chhindwara,Chhindwada
Madhya Pradesh,census,Khandwa (East Nimar),Khandwa
Madhya Pradesh,nfhs5,Khandwa (East Nimar),Khandwa
Madhya Pradesh,census,Khargone (West Nimar),Khargone
Madhya Pradesh,nfhs5,Khargone (West Nimar),Khargone
Madhya Pradesh,census,Narsimhapur,Narsinghpur
Madhya Pradesh,nfhs5,Narsimhapur,Narsinghpur
Madhya Pradesh,census,Singrauli,Singroli
Madhya Pradesh,nfhs5,Singrauli,Singroli
Telangana,nfhs5,Jayashankar Bhupalapally,JAYASHANKAR BHUPALPALLY
Telangana,nfhs5,Komaram Bheem Asifabad,KOMARAM BHEEM
Telangana,nfhs5,Karimnagar,Karim Nagar
Telangana,nfhs5,Mahabubnagar,Mahbubnagar
Telangana,nfhs5,Yadadri Bhuvanagiri,YADADRI BHONAGIRI
Uttar Pradesh,census,Baghpat,Bagpat
Uttar Pradesh,nfhs5,Baghpat,Bagpat
Uttar Pradesh,census,Bara Banki,Barabanki
Uttar Pradesh,nfhs5,Bara Banki,Barabanki
Uttar Pradesh,census,Bulandshahr,Bulandshahar
Uttar Pradesh,nfhs5,Bulandshahr,Bulandshahar
Uttar Pradesh,nfhs5,Amethi,C S M Nagar
Uttar Pradesh,census,Kanshiram Nagar,Kashi Ram Nagar
Uttar Pradesh,nfhs5,Kanshiram Nagar,Kashi Ram Nagar
Uttar Pradesh,census,Mahamaya Nagar,Hathras
Uttar Pradesh,nfhs5,Mahamaya Nagar,Hathras
Uttar Pradesh,census,Kheri,Lakhimpur Kheri
Uttar Pradesh,nfhs5,Kheri,Lakhimpur Kheri
Uttar Pradesh,census,Mahrajganj,Maharajganj
Uttar Pradesh,nfhs5,Mahrajganj,Maharajganj
Uttar Pradesh,census,Mau,Maunathbhanjan
Uttar Pradesh,nfhs5,Mau,Maunathbhanjan
Uttar Pradesh,census,Sant Ravidas Nagar (Bhadohi),Sant Ravidas Nagar
Uttar Pradesh,nfhs5,Sant Ravidas Nagar (Bhadohi),Sant Ravidas Nagar
Uttar Pradesh,census,Siddharthnagar,Siddharth Nagar
Uttar Pradesh,nfhs5,Siddharthnagar,Siddharth Nagar
Uttar Pradesh,census,Unnao,Unnav
Uttar Pradesh,nfhs5,Unnao,Unnav
